75CSV  	
// AQ6375 OPTICAL SPECTRUM ANALYZER //                  
25
"CTRWL",1560.000000
"SPAN",  30.000000
"START WL",1545.000000
"STOP WL",1575.000000
"WLFREQ", 0
"REFL", -42.600
"LSCL",-10.0
"BASEL",0.00000000000
"RESLN",0.050
"AVG",   1
"SMPLAUTO",      2
"SMPL",       3001
"SMPLINTVL",0.0100
"HI1_CHOP"
"MEAS"
"LSUNT",0
"NMSKH","OFF"
"RESCOR",0
"RESPARM", 8747
"FREQPARM", 8747
"WNUMPARM", 8747




"[TRACE DATA]"
1545.0000,2.452E-007
1545.0100,2.585E-007
1545.0200,2.503E-007
1545.0300,2.556E-007
1545.0400,2.358E-007
1545.0500,2.589E-007
1545.0600,2.251E-007
1545.0700,2.301E-007
1545.0800,2.196E-007
1545.0900,2.738E-007
1545.1000,2.817E-007
1545.1100,2.781E-007
1545.1200,2.813E-007
1545.1300,2.987E-007
1545.1400,3.107E-007
1545.1500,3.055E-007
1545.1600,3.678E-007
1545.1700,3.614E-007
1545.1800,3.727E-007
1545.1900,3.674E-007
1545.2000,3.514E-007
1545.2100,3.711E-007
1545.2200,3.508E-007
1545.2300,3.371E-007
1545.2400,3.575E-007
1545.2500,3.845E-007
1545.2600,3.384E-007
1545.2700,2.996E-007
1545.2800,2.543E-007
1545.2900,2.862E-007
1545.3000,2.744E-007
1545.3100,2.852E-007
1545.3200,2.987E-007
1545.3300,2.672E-007
1545.3400,2.320E-007
1545.3500,2.560E-007
1545.3600,2.739E-007
1545.3700,2.469E-007
1545.3800,2.682E-007
1545.3900,2.179E-007
1545.4000,2.284E-007
1545.4100,2.041E-007
1545.4200,2.273E-007
1545.4300,2.309E-007
1545.4400,2.509E-007
1545.4500,1.831E-007
1545.4600,2.192E-007
1545.4700,1.848E-007
1545.4800,1.825E-007
1545.4900,1.783E-007
1545.5000,1.641E-007
1545.5100,1.590E-007
1545.5200,1.779E-007
1545.5300,1.690E-007
1545.5400,1.627E-007
1545.5500,1.395E-007
1545.5600,1.615E-007
1545.5700,1.297E-007
1545.5800,1.156E-007
1545.5900,1.168E-007
1545.6000,8.133E-008
1545.6100,1.162E-007
1545.6200,9.264E-008
1545.6300,1.039E-007
1545.6400,8.956E-008
1545.6500,8.205E-008
1545.6600,8.177E-008
1545.6700,1.030E-007
1545.6800,1.020E-007
1545.6900,6.793E-008
1545.7000,8.157E-008
1545.7100,9.570E-008
1545.7200,3.754E-008
1545.7300,6.104E-008
1545.7400,6.897E-008
1545.7500,6.154E-008
1545.7600,7.519E-008
1545.7700,3.483E-008
1545.7800,-4.216E-009
1545.7900,7.346E-008
1545.8000,2.561E-008
1545.8100,-1.888E-009
1545.8200,5.537E-008
1545.8300,5.946E-008
1545.8400,1.850E-008
1545.8500,2.747E-008
1545.8600,5.904E-008
1545.8700,7.821E-008
1545.8800,-8.284E-009
1545.8900,6.416E-008
1545.9000,-2.408E-008
1545.9100,2.095E-008
1545.9200,5.541E-009
1545.9300,-5.573E-010
1545.9400,4.367E-008
1545.9500,2.794E-008
1545.9600,3.906E-009
1545.9700,4.426E-008
1545.9800,2.768E-008
1545.9900,3.209E-008
1546.0000,2.705E-008
1546.0100,2.464E-008
1546.0200,-7.803E-009
1546.0300,2.064E-009
1546.0400,5.073E-008
1546.0500,-1.398E-008
1546.0600,2.122E-008
1546.0700,4.426E-008
1546.0800,-1.167E-008
1546.0900,-1.524E-008
1546.1000,3.029E-008
1546.1100,-4.864E-008
1546.1200,-2.065E-009
1546.1300,-4.423E-008
1546.1400,6.497E-008
1546.1500,-3.326E-008
1546.1600,2.396E-008
1546.1700,-5.309E-008
1546.1800,3.096E-008
1546.1900,1.630E-008
1546.2000,-1.200E-008
1546.2100,2.263E-008
1546.2200,-3.265E-008
1546.2300,1.052E-008
1546.2400,-3.397E-008
1546.2500,-3.101E-009
1546.2600,9.008E-009
1546.2700,-2.635E-008
1546.2800,4.872E-008
1546.2900,2.295E-008
1546.3000,3.093E-008
1546.3100,-2.941E-009
1546.3200,2.684E-008
1546.3300,-3.208E-009
1546.3400,3.606E-008
1546.3500,4.946E-008
1546.3600,-2.240E-008
1546.3700,1.062E-008
1546.3800,-2.677E-008
1546.3900,2.137E-008
1546.4000,-3.534E-008
1546.4100,4.343E-009
1546.4200,2.761E-008
1546.4300,-1.342E-008
1546.4400,-8.869E-009
1546.4500,-5.156E-008
1546.4600,-1.831E-009
1546.4700,-4.391E-008
1546.4800,1.166E-008
1546.4900,-1.220E-008
1546.5000,1.521E-008
1546.5100,4.973E-008
1546.5200,1.719E-008
1546.5300,-1.250E-008
1546.5400,8.254E-009
1546.5500,2.286E-009
1546.5600,1.336E-008
1546.5700,5.559E-010
1546.5800,-5.434E-008
1546.5900,4.085E-009
1546.6000,-1.829E-009
1546.6100,4.892E-008
1546.6200,1.590E-008
1546.6300,3.803E-009
1546.6400,1.872E-008
1546.6500,-3.001E-008
1546.6600,2.603E-009
1546.6700,2.221E-009
1546.6800,-4.829E-008
1546.6900,-1.077E-008
1546.7000,3.278E-008
1546.7100,1.853E-008
1546.7200,1.302E-009
1546.7300,1.945E-008
1546.7400,3.296E-008
1546.7500,-1.146E-008
1546.7600,-3.624E-009
1546.7700,7.104E-008
1546.7800,4.430E-008
1546.7900,-1.833E-008
1546.8000,-1.645E-008
1546.8100,-2.290E-009
1546.8200,3.606E-008
1546.8300,6.070E-008
1546.8400,9.767E-009
1546.8500,1.270E-008
1546.8600,3.875E-008
1546.8700,7.489E-008
1546.8800,6.172E-008
1546.8900,8.549E-009
1546.9000,6.419E-008
1546.9100,3.431E-008
1546.9200,2.473E-009
1546.9300,1.938E-008
1546.9400,-3.958E-009
1546.9500,4.672E-008
1546.9600,4.139E-008
1546.9700,2.253E-008
1546.9800,4.001E-008
1546.9900,3.691E-008
1547.0000,8.741E-008
1547.0100,3.491E-008
1547.0200,8.308E-008
1547.0300,8.107E-008
1547.0400,6.031E-008
1547.0500,1.324E-007
1547.0600,1.046E-007
1547.0700,8.891E-008
1547.0800,8.804E-008
1547.0900,9.851E-008
1547.1000,1.234E-007
1547.1100,1.340E-007
1547.1200,1.709E-007
1547.1300,1.514E-007
1547.1400,1.127E-007
1547.1500,1.564E-007
1547.1600,1.506E-007
1547.1700,1.727E-007
1547.1800,2.032E-007
1547.1900,2.383E-007
1547.2000,2.314E-007
1547.2100,2.265E-007
1547.2200,2.147E-007
1547.2300,2.963E-007
1547.2400,2.917E-007
1547.2500,3.012E-007
1547.2600,3.035E-007
1547.2700,3.023E-007
1547.2800,2.897E-007
1547.2900,3.689E-007
1547.3000,3.841E-007
1547.3100,3.948E-007
1547.3200,4.072E-007
1547.3300,4.346E-007
1547.3400,4.198E-007
1547.3500,3.973E-007
1547.3600,4.401E-007
1547.3700,5.125E-007
1547.3800,4.880E-007
1547.3900,5.127E-007
1547.4000,5.419E-007
1547.4100,5.440E-007
1547.4200,5.301E-007
1547.4300,5.224E-007
1547.4400,5.110E-007
1547.4500,5.089E-007
1547.4600,5.361E-007
1547.4700,5.381E-007
1547.4800,5.511E-007
1547.4900,5.534E-007
1547.5000,5.187E-007
1547.5100,6.148E-007
1547.5200,5.723E-007
1547.5300,5.713E-007
1547.5400,5.162E-007
1547.5500,5.654E-007
1547.5600,5.853E-007
1547.5700,5.714E-007
1547.5800,5.714E-007
1547.5900,5.862E-007
1547.6000,6.254E-007
1547.6100,6.379E-007
1547.6200,6.479E-007
1547.6300,6.231E-007
1547.6400,6.495E-007
1547.6500,6.516E-007
1547.6600,6.606E-007
1547.6700,6.755E-007
1547.6800,6.713E-007
1547.6900,6.676E-007
1547.7000,7.088E-007
1547.7100,6.823E-007
1547.7200,7.038E-007
1547.7300,6.752E-007
1547.7400,6.892E-007
1547.7500,6.460E-007
1547.7600,6.948E-007
1547.7700,7.043E-007
1547.7800,6.486E-007
1547.7900,6.396E-007
1547.8000,6.569E-007
1547.8100,6.635E-007
1547.8200,6.730E-007
1547.8300,6.673E-007
1547.8400,6.783E-007
1547.8500,6.866E-007
1547.8600,7.244E-007
1547.8700,7.472E-007
1547.8800,7.565E-007
1547.8900,8.072E-007
1547.9000,8.241E-007
1547.9100,8.441E-007
1547.9200,9.269E-007
1547.9300,9.150E-007
1547.9400,9.991E-007
1547.9500,1.106E-006
1547.9600,1.101E-006
1547.9700,1.145E-006
1547.9800,1.166E-006
1547.9900,1.148E-006
1548.0000,1.189E-006
1548.0100,1.236E-006
1548.0200,1.233E-006
1548.0300,1.278E-006
1548.0400,1.276E-006
1548.0500,1.301E-006
1548.0600,1.313E-006
1548.0700,1.298E-006
1548.0800,1.295E-006
1548.0900,1.308E-006
1548.1000,1.315E-006
1548.1100,1.368E-006
1548.1200,1.384E-006
1548.1300,1.461E-006
1548.1400,1.432E-006
1548.1500,1.498E-006
1548.1600,1.526E-006
1548.1700,1.567E-006
1548.1800,1.621E-006
1548.1900,1.677E-006
1548.2000,1.720E-006
1548.2100,1.797E-006
1548.2200,1.871E-006
1548.2300,1.907E-006
1548.2400,1.910E-006
1548.2500,1.972E-006
1548.2600,2.014E-006
1548.2700,2.037E-006
1548.2800,2.032E-006
1548.2900,2.057E-006
1548.3000,2.058E-006
1548.3100,2.043E-006
1548.3200,2.040E-006
1548.3300,2.057E-006
1548.3400,1.979E-006
1548.3500,1.979E-006
1548.3600,1.960E-006
1548.3700,1.949E-006
1548.3800,1.908E-006
1548.3900,1.831E-006
1548.4000,1.742E-006
1548.4100,1.699E-006
1548.4200,1.660E-006
1548.4300,1.631E-006
1548.4400,1.609E-006
1548.4500,1.594E-006
1548.4600,1.523E-006
1548.4700,1.502E-006
1548.4800,1.495E-006
1548.4900,1.461E-006
1548.5000,1.386E-006
1548.5100,1.423E-006
1548.5200,1.414E-006
1548.5300,1.377E-006
1548.5400,1.388E-006
1548.5500,1.351E-006
1548.5600,1.302E-006
1548.5700,1.278E-006
1548.5800,1.323E-006
1548.5900,1.270E-006
1548.6000,1.234E-006
1548.6100,1.202E-006
1548.6200,1.256E-006
1548.6300,1.212E-006
1548.6400,1.172E-006
1548.6500,1.118E-006
1548.6600,1.118E-006
1548.6700,1.077E-006
1548.6800,1.072E-006
1548.6900,9.936E-007
1548.7000,9.997E-007
1548.7100,9.746E-007
1548.7200,9.661E-007
1548.7300,9.250E-007
1548.7400,9.046E-007
1548.7500,9.631E-007
1548.7600,9.273E-007
1548.7700,8.648E-007
1548.7800,8.937E-007
1548.7900,8.667E-007
1548.8000,8.849E-007
1548.8100,8.969E-007
1548.8200,8.455E-007
1548.8300,9.086E-007
1548.8400,8.943E-007
1548.8500,8.637E-007
1548.8600,8.790E-007
1548.8700,8.732E-007
1548.8800,8.308E-007
1548.8900,8.766E-007
1548.9000,8.249E-007
1548.9100,8.275E-007
1548.9200,7.802E-007
1548.9300,7.350E-007
1548.9400,7.116E-007
1548.9500,6.871E-007
1548.9600,6.246E-007
1548.9700,6.206E-007
1548.9800,6.069E-007
1548.9900,5.985E-007
1549.0000,5.567E-007
1549.0100,5.467E-007
1549.0200,5.283E-007
1549.0300,5.754E-007
1549.0400,5.437E-007
1549.0500,5.215E-007
1549.0600,5.485E-007
1549.0700,5.048E-007
1549.0800,5.455E-007
1549.0900,5.568E-007
1549.1000,5.597E-007
1549.1100,5.556E-007
1549.1200,6.120E-007
1549.1300,5.686E-007
1549.1400,6.155E-007
1549.1500,5.924E-007
1549.1600,6.638E-007
1549.1700,6.337E-007
1549.1800,6.430E-007
1549.1900,6.587E-007
1549.2000,6.701E-007
1549.2100,6.940E-007
1549.2200,6.533E-007
1549.2300,6.854E-007
1549.2400,6.695E-007
1549.2500,6.823E-007
1549.2600,7.314E-007
1549.2700,6.747E-007
1549.2800,6.879E-007
1549.2900,6.859E-007
1549.3000,6.258E-007
1549.3100,6.484E-007
1549.3200,6.518E-007
1549.3300,6.900E-007
1549.3400,6.651E-007
1549.3500,6.641E-007
1549.3600,6.411E-007
1549.3700,6.519E-007
1549.3800,6.199E-007
1549.3900,6.305E-007
1549.4000,6.666E-007
1549.4100,6.863E-007
1549.4200,6.432E-007
1549.4300,6.413E-007
1549.4400,6.674E-007
1549.4500,6.871E-007
1549.4600,6.582E-007
1549.4700,6.887E-007
1549.4800,6.784E-007
1549.4900,7.022E-007
1549.5000,6.872E-007
1549.5100,6.886E-007
1549.5200,7.237E-007
1549.5300,7.542E-007
1549.5400,7.174E-007
1549.5500,7.484E-007
1549.5600,7.567E-007
1549.5700,7.392E-007
1549.5800,7.400E-007
1549.5900,7.005E-007
1549.6000,7.533E-007
1549.6100,7.526E-007
1549.6200,7.799E-007
1549.6300,7.798E-007
1549.6400,7.972E-007
1549.6500,8.240E-007
1549.6600,8.403E-007
1549.6700,8.385E-007
1549.6800,8.955E-007
1549.6900,9.112E-007
1549.7000,9.734E-007
1549.7100,9.953E-007
1549.7200,1.051E-006
1549.7300,1.088E-006
1549.7400,1.151E-006
1549.7500,1.225E-006
1549.7600,1.241E-006
1549.7700,1.284E-006
1549.7800,1.360E-006
1549.7900,1.389E-006
1549.8000,1.362E-006
1549.8100,1.409E-006
1549.8200,1.474E-006
1549.8300,1.456E-006
1549.8400,1.489E-006
1549.8500,1.458E-006
1549.8600,1.438E-006
1549.8700,1.441E-006
1549.8800,1.453E-006
1549.8900,1.457E-006
1549.9000,1.454E-006
1549.9100,1.443E-006
1549.9200,1.409E-006
1549.9300,1.438E-006
1549.9400,1.438E-006
1549.9500,1.466E-006
1549.9600,1.484E-006
1549.9700,1.564E-006
1549.9800,1.622E-006
1549.9900,1.638E-006
1550.0000,1.701E-006
1550.0100,1.785E-006
1550.0200,1.889E-006
1550.0300,2.004E-006
1550.0400,2.026E-006
1550.0500,2.126E-006
1550.0600,2.212E-006
1550.0700,2.296E-006
1550.0800,2.406E-006
1550.0900,2.462E-006
1550.1000,2.531E-006
1550.1100,2.651E-006
1550.1200,2.755E-006
1550.1300,2.761E-006
1550.1400,2.822E-006
1550.1500,2.842E-006
1550.1600,2.856E-006
1550.1700,2.843E-006
1550.1800,2.841E-006
1550.1900,2.834E-006
1550.2000,2.814E-006
1550.2100,2.806E-006
1550.2200,2.720E-006
1550.2300,2.693E-006
1550.2400,2.705E-006
1550.2500,2.640E-006
1550.2600,2.626E-006
1550.2700,2.596E-006
1550.2800,2.543E-006
1550.2900,2.528E-006
1550.3000,2.554E-006
1550.3100,2.519E-006
1550.3200,2.493E-006
1550.3300,2.473E-006
1550.3400,2.464E-006
1550.3500,2.461E-006
1550.3600,2.487E-006
1550.3700,2.465E-006
1550.3800,2.462E-006
1550.3900,2.431E-006
1550.4000,2.427E-006
1550.4100,2.441E-006
1550.4200,2.431E-006
1550.4300,2.413E-006
1550.4400,2.424E-006
1550.4500,2.361E-006
1550.4600,2.352E-006
1550.4700,2.285E-006
1550.4800,2.237E-006
1550.4900,2.167E-006
1550.5000,2.171E-006
1550.5100,2.118E-006
1550.5200,2.133E-006
1550.5300,2.057E-006
1550.5400,2.042E-006
1550.5500,2.022E-006
1550.5600,1.980E-006
1550.5700,1.945E-006
1550.5800,1.929E-006
1550.5900,1.890E-006
1550.6000,1.930E-006
1550.6100,1.937E-006
1550.6200,1.907E-006
1550.6300,1.970E-006
1550.6400,1.994E-006
1550.6500,1.984E-006
1550.6600,2.054E-006
1550.6700,2.001E-006
1550.6800,2.057E-006
1550.6900,2.056E-006
1550.7000,2.096E-006
1550.7100,2.103E-006
1550.7200,2.118E-006
1550.7300,2.105E-006
1550.7400,2.106E-006
1550.7500,2.064E-006
1550.7600,2.029E-006
1550.7700,1.982E-006
1550.7800,1.927E-006
1550.7900,1.915E-006
1550.8000,1.859E-006
1550.8100,1.829E-006
1550.8200,1.743E-006
1550.8300,1.734E-006
1550.8400,1.722E-006
1550.8500,1.732E-006
1550.8600,1.716E-006
1550.8700,1.686E-006
1550.8800,1.661E-006
1550.8900,1.656E-006
1550.9000,1.690E-006
1550.9100,1.683E-006
1550.9200,1.692E-006
1550.9300,1.714E-006
1550.9400,1.736E-006
1550.9500,1.758E-006
1550.9600,1.748E-006
1550.9700,1.802E-006
1550.9800,1.826E-006
1550.9900,1.863E-006
1551.0000,1.849E-006
1551.0100,1.843E-006
1551.0200,1.830E-006
1551.0300,1.815E-006
1551.0400,1.796E-006
1551.0500,1.765E-006
1551.0600,1.713E-006
1551.0700,1.668E-006
1551.0800,1.609E-006
1551.0900,1.563E-006
1551.1000,1.479E-006
1551.1100,1.411E-006
1551.1200,1.347E-006
1551.1300,1.286E-006
1551.1400,1.223E-006
1551.1500,1.168E-006
1551.1600,1.110E-006
1551.1700,1.043E-006
1551.1800,9.897E-007
1551.1900,9.299E-007
1551.2000,8.790E-007
1551.2100,8.593E-007
1551.2200,8.622E-007
1551.2300,7.783E-007
1551.2400,7.479E-007
1551.2500,7.593E-007
1551.2600,7.258E-007
1551.2700,7.005E-007
1551.2800,6.560E-007
1551.2900,6.471E-007
1551.3000,6.474E-007
1551.3100,6.096E-007
1551.3200,5.832E-007
1551.3300,5.900E-007
1551.3400,5.744E-007
1551.3500,5.463E-007
1551.3600,5.416E-007
1551.3700,5.146E-007
1551.3800,4.760E-007
1551.3900,4.283E-007
1551.4000,4.323E-007
1551.4100,4.125E-007
1551.4200,3.954E-007
1551.4300,3.930E-007
1551.4400,3.760E-007
1551.4500,3.128E-007
1551.4600,3.098E-007
1551.4700,2.707E-007
1551.4800,2.196E-007
1551.4900,2.519E-007
1551.5000,2.629E-007
1551.5100,2.251E-007
1551.5200,2.194E-007
1551.5300,1.932E-007
1551.5400,2.067E-007
1551.5500,1.699E-007
1551.5600,1.469E-007
1551.5700,1.721E-007
1551.5800,1.963E-007
1551.5900,1.601E-007
1551.6000,1.565E-007
1551.6100,1.555E-007
1551.6200,1.348E-007
1551.6300,1.275E-007
1551.6400,1.146E-007
1551.6500,1.228E-007
1551.6600,1.330E-007
1551.6700,1.433E-007
1551.6800,1.277E-007
1551.6900,7.658E-008
1551.7000,1.060E-007
1551.7100,8.587E-008
1551.7200,6.910E-008
1551.7300,8.238E-008
1551.7400,6.323E-008
1551.7500,5.490E-008
1551.7600,6.298E-008
1551.7700,5.018E-008
1551.7800,5.833E-008
1551.7900,5.013E-008
1551.8000,1.040E-008
1551.8100,6.839E-008
1551.8200,-5.383E-009
1551.8300,3.144E-008
1551.8400,1.936E-008
1551.8500,5.077E-008
1551.8600,5.820E-008
1551.8700,1.405E-008
1551.8800,4.554E-008
1551.8900,-1.255E-008
1551.9000,1.295E-008
1551.9100,5.439E-008
1551.9200,1.625E-008
1551.9300,5.370E-009
1551.9400,5.273E-009
1551.9500,-1.557E-008
1551.9600,2.779E-008
1551.9700,-5.159E-009
1551.9800,1.171E-008
1551.9900,4.666E-008
1552.0000,2.827E-008
1552.0100,-1.625E-008
1552.0200,1.389E-008
1552.0300,3.176E-008
1552.0400,1.234E-009
1552.0500,-1.475E-008
1552.0600,2.719E-009
1552.0700,1.601E-008
1552.0800,1.173E-008
1552.0900,1.409E-008
1552.1000,1.638E-008
1552.1100,-5.433E-009
1552.1200,-1.565E-008
1552.1300,2.157E-009
1552.1400,9.322E-009
1552.1500,1.251E-008
1552.1600,-1.519E-008
1552.1700,1.009E-008
1552.1800,3.861E-010
1552.1900,1.190E-008
1552.2000,5.253E-009
1552.2100,5.368E-008
1552.2200,2.319E-008
1552.2300,1.486E-008
1552.2400,4.150E-008
1552.2500,2.219E-009
1552.2600,-2.839E-008
1552.2700,1.927E-008
1552.2800,7.582E-008
1552.2900,3.992E-008
1552.3000,3.886E-008
1552.3100,3.521E-008
1552.3200,6.726E-008
1552.3300,6.507E-008
1552.3400,7.291E-008
1552.3500,6.263E-008
1552.3600,6.255E-008
1552.3700,7.353E-008
1552.3800,1.022E-007
1552.3900,9.703E-008
1552.4000,1.288E-007
1552.4100,9.266E-008
1552.4200,8.872E-008
1552.4300,8.621E-008
1552.4400,1.300E-007
1552.4500,1.453E-007
1552.4600,1.428E-007
1552.4700,1.087E-007
1552.4800,1.329E-007
1552.4900,1.548E-007
1552.5000,1.440E-007
1552.5100,1.580E-007
1552.5200,1.837E-007
1552.5300,2.145E-007
1552.5400,2.027E-007
1552.5500,1.988E-007
1552.5600,2.354E-007
1552.5700,2.475E-007
1552.5800,2.547E-007
1552.5900,2.474E-007
1552.6000,2.757E-007
1552.6100,3.179E-007
1552.6200,3.392E-007
1552.6300,3.275E-007
1552.6400,3.851E-007
1552.6500,3.749E-007
1552.6600,3.539E-007
1552.6700,3.740E-007
1552.6800,3.977E-007
1552.6900,4.223E-007
1552.7000,4.316E-007
1552.7100,4.601E-007
1552.7200,5.037E-007
1552.7300,5.252E-007
1552.7400,6.025E-007
1552.7500,6.231E-007
1552.7600,6.970E-007
1552.7700,6.975E-007
1552.7800,7.698E-007
1552.7900,7.588E-007
1552.8000,8.907E-007
1552.8100,9.644E-007
1552.8200,1.040E-006
1552.8300,1.139E-006
1552.8400,1.242E-006
1552.8500,1.283E-006
1552.8600,1.384E-006
1552.8700,1.474E-006
1552.8800,1.579E-006
1552.8900,1.664E-006
1552.9000,1.781E-006
1552.9100,1.889E-006
1552.9200,2.010E-006
1552.9300,2.065E-006
1552.9400,2.093E-006
1552.9500,2.192E-006
1552.9600,2.268E-006
1552.9700,2.357E-006
1552.9800,2.463E-006
1552.9900,2.519E-006
1553.0000,2.651E-006
1553.0100,2.689E-006
1553.0200,2.758E-006
1553.0300,2.884E-006
1553.0400,2.906E-006
1553.0500,2.975E-006
1553.0600,3.041E-006
1553.0700,3.169E-006
1553.0800,3.316E-006
1553.0900,3.413E-006
1553.1000,3.600E-006
1553.1100,3.749E-006
1553.1200,3.896E-006
1553.1300,4.014E-006
1553.1400,4.143E-006
1553.1500,4.307E-006
1553.1600,4.479E-006
1553.1700,4.646E-006
1553.1800,4.792E-006
1553.1900,4.914E-006
1553.2000,5.056E-006
1553.2100,5.060E-006
1553.2200,5.112E-006
1553.2300,5.140E-006
1553.2400,5.158E-006
1553.2500,5.220E-006
1553.2600,5.262E-006
1553.2700,5.273E-006
1553.2800,5.360E-006
1553.2900,5.385E-006
1553.3000,5.387E-006
1553.3100,5.415E-006
1553.3200,5.422E-006
1553.3300,5.430E-006
1553.3400,5.488E-006
1553.3500,5.519E-006
1553.3600,5.591E-006
1553.3700,5.613E-006
1553.3800,5.648E-006
1553.3900,5.709E-006
1553.4000,5.786E-006
1553.4100,5.798E-006
1553.4200,5.931E-006
1553.4300,5.998E-006
1553.4400,6.150E-006
1553.4500,6.242E-006
1553.4600,6.363E-006
1553.4700,6.444E-006
1553.4800,6.420E-006
1553.4900,6.511E-006
1553.5000,6.561E-006
1553.5100,6.596E-006
1553.5200,6.627E-006
1553.5300,6.680E-006
1553.5400,6.714E-006
1553.5500,6.800E-006
1553.5600,6.804E-006
1553.5700,6.860E-006
1553.5800,6.860E-006
1553.5900,6.955E-006
1553.6000,7.042E-006
1553.6100,7.092E-006
1553.6200,7.261E-006
1553.6300,7.337E-006
1553.6400,7.499E-006
1553.6500,7.717E-006
1553.6600,7.882E-006
1553.6700,8.108E-006
1553.6800,8.324E-006
1553.6900,8.572E-006
1553.7000,8.942E-006
1553.7100,9.262E-006
1553.7200,9.646E-006
1553.7300,1.004E-005
1553.7400,1.040E-005
1553.7500,1.080E-005
1553.7600,1.116E-005
1553.7700,1.146E-005
1553.7800,1.187E-005
1553.7900,1.231E-005
1553.8000,1.276E-005
1553.8100,1.320E-005
1553.8200,1.354E-005
1553.8300,1.385E-005
1553.8400,1.410E-005
1553.8500,1.424E-005
1553.8600,1.437E-005
1553.8700,1.447E-005
1553.8800,1.448E-005
1553.8900,1.447E-005
1553.9000,1.440E-005
1553.9100,1.433E-005
1553.9200,1.424E-005
1553.9300,1.422E-005
1553.9400,1.421E-005
1553.9500,1.416E-005
1553.9600,1.420E-005
1553.9700,1.423E-005
1553.9800,1.434E-005
1553.9900,1.449E-005
1554.0000,1.460E-005
1554.0100,1.475E-005
1554.0200,1.492E-005
1554.0300,1.507E-005
1554.0400,1.530E-005
1554.0500,1.543E-005
1554.0600,1.564E-005
1554.0700,1.594E-005
1554.0800,1.621E-005
1554.0900,1.642E-005
1554.1000,1.668E-005
1554.1100,1.675E-005
1554.1200,1.677E-005
1554.1300,1.677E-005
1554.1400,1.671E-005
1554.1500,1.654E-005
1554.1600,1.632E-005
1554.1700,1.599E-005
1554.1800,1.552E-005
1554.1900,1.508E-005
1554.2000,1.475E-005
1554.2100,1.436E-005
1554.2200,1.398E-005
1554.2300,1.360E-005
1554.2400,1.310E-005
1554.2500,1.263E-005
1554.2600,1.212E-005
1554.2700,1.163E-005
1554.2800,1.122E-005
1554.2900,1.086E-005
1554.3000,1.058E-005
1554.3100,1.038E-005
1554.3200,1.015E-005
1554.3300,9.882E-006
1554.3400,9.576E-006
1554.3500,9.359E-006
1554.3600,9.285E-006
1554.3700,9.168E-006
1554.3800,9.160E-006
1554.3900,9.162E-006
1554.4000,9.173E-006
1554.4100,9.119E-006
1554.4200,9.111E-006
1554.4300,9.110E-006
1554.4400,9.037E-006
1554.4500,8.897E-006
1554.4600,8.779E-006
1554.4700,8.700E-006
1554.4800,8.593E-006
1554.4900,8.443E-006
1554.5000,8.362E-006
1554.5100,8.194E-006
1554.5200,8.073E-006
1554.5300,7.902E-006
1554.5400,7.786E-006
1554.5500,7.633E-006
1554.5600,7.507E-006
1554.5700,7.441E-006
1554.5800,7.340E-006
1554.5900,7.321E-006
1554.6000,7.267E-006
1554.6100,7.236E-006
1554.6200,7.219E-006
1554.6300,7.220E-006
1554.6400,7.209E-006
1554.6500,7.151E-006
1554.6600,7.157E-006
1554.6700,7.096E-006
1554.6800,7.079E-006
1554.6900,7.074E-006
1554.7000,7.018E-006
1554.7100,6.997E-006
1554.7200,6.947E-006
1554.7300,6.909E-006
1554.7400,6.850E-006
1554.7500,6.754E-006
1554.7600,6.643E-006
1554.7700,6.595E-006
1554.7800,6.469E-006
1554.7900,6.349E-006
1554.8000,6.213E-006
1554.8100,6.087E-006
1554.8200,5.962E-006
1554.8300,5.851E-006
1554.8400,5.821E-006
1554.8500,5.742E-006
1554.8600,5.689E-006
1554.8700,5.636E-006
1554.8800,5.546E-006
1554.8900,5.497E-006
1554.9000,5.523E-006
1554.9100,5.481E-006
1554.9200,5.523E-006
1554.9300,5.577E-006
1554.9400,5.615E-006
1554.9500,5.682E-006
1554.9600,5.764E-006
1554.9700,5.898E-006
1554.9800,6.012E-006
1554.9900,6.179E-006
1555.0000,6.322E-006
1555.0100,6.481E-006
1555.0200,6.568E-006
1555.0300,6.704E-006
1555.0400,6.802E-006
1555.0500,6.864E-006
1555.0600,6.957E-006
1555.0700,7.022E-006
1555.0800,7.020E-006
1555.0900,7.052E-006
1555.1000,7.033E-006
1555.1100,7.055E-006
1555.1200,7.025E-006
1555.1300,7.029E-006
1555.1400,7.028E-006
1555.1500,6.958E-006
1555.1600,6.893E-006
1555.1700,6.911E-006
1555.1800,6.798E-006
1555.1900,6.780E-006
1555.2000,6.775E-006
1555.2100,6.789E-006
1555.2200,6.835E-006
1555.2300,6.852E-006
1555.2400,6.952E-006
1555.2500,7.012E-006
1555.2600,7.163E-006
1555.2700,7.270E-006
1555.2800,7.448E-006
1555.2900,7.621E-006
1555.3000,7.784E-006
1555.3100,7.933E-006
1555.3200,8.087E-006
1555.3300,8.284E-006
1555.3400,8.537E-006
1555.3500,8.754E-006
1555.3600,8.996E-006
1555.3700,9.188E-006
1555.3800,9.349E-006
1555.3900,9.474E-006
1555.4000,9.621E-006
1555.4100,9.833E-006
1555.4200,1.004E-005
1555.4300,1.031E-005
1555.4400,1.057E-005
1555.4500,1.089E-005
1555.4600,1.119E-005
1555.4700,1.134E-005
1555.4800,1.160E-005
1555.4900,1.175E-005
1555.5000,1.195E-005
1555.5100,1.217E-005
1555.5200,1.247E-005
1555.5300,1.288E-005
1555.5400,1.335E-005
1555.5500,1.375E-005
1555.5600,1.428E-005
1555.5700,1.462E-005
1555.5800,1.491E-005
1555.5900,1.524E-005
1555.6000,1.558E-005
1555.6100,1.604E-005
1555.6200,1.647E-005
1555.6300,1.679E-005
1555.6400,1.709E-005
1555.6500,1.734E-005
1555.6600,1.745E-005
1555.6700,1.759E-005
1555.6800,1.770E-005
1555.6900,1.777E-005
1555.7000,1.790E-005
1555.7100,1.806E-005
1555.7200,1.815E-005
1555.7300,1.828E-005
1555.7400,1.831E-005
1555.7500,1.839E-005
1555.7600,1.840E-005
1555.7700,1.849E-005
1555.7800,1.857E-005
1555.7900,1.873E-005
1555.8000,1.899E-005
1555.8100,1.934E-005
1555.8200,1.969E-005
1555.8300,2.020E-005
1555.8400,2.068E-005
1555.8500,2.098E-005
1555.8600,2.153E-005
1555.8700,2.201E-005
1555.8800,2.255E-005
1555.8900,2.332E-005
1555.9000,2.394E-005
1555.9100,2.479E-005
1555.9200,2.557E-005
1555.9300,2.612E-005
1555.9400,2.674E-005
1555.9500,2.733E-005
1555.9600,2.771E-005
1555.9700,2.814E-005
1555.9800,2.856E-005
1555.9900,2.900E-005
1556.0000,2.923E-005
1556.0100,2.941E-005
1556.0200,2.946E-005
1556.0300,2.946E-005
1556.0400,2.936E-005
1556.0500,2.921E-005
1556.0600,2.883E-005
1556.0700,2.839E-005
1556.0800,2.786E-005
1556.0900,2.736E-005
1556.1000,2.670E-005
1556.1100,2.619E-005
1556.1200,2.587E-005
1556.1300,2.550E-005
1556.1400,2.515E-005
1556.1500,2.492E-005
1556.1600,2.462E-005
1556.1700,2.430E-005
1556.1800,2.410E-005
1556.1900,2.388E-005
1556.2000,2.372E-005
1556.2100,2.367E-005
1556.2200,2.360E-005
1556.2300,2.358E-005
1556.2400,2.357E-005
1556.2500,2.359E-005
1556.2600,2.360E-005
1556.2700,2.362E-005
1556.2800,2.357E-005
1556.2900,2.352E-005
1556.3000,2.348E-005
1556.3100,2.340E-005
1556.3200,2.325E-005
1556.3300,2.317E-005
1556.3400,2.303E-005
1556.3500,2.286E-005
1556.3600,2.264E-005
1556.3700,2.248E-005
1556.3800,2.224E-005
1556.3900,2.208E-005
1556.4000,2.190E-005
1556.4100,2.176E-005
1556.4200,2.160E-005
1556.4300,2.141E-005
1556.4400,2.118E-005
1556.4500,2.099E-005
1556.4600,2.079E-005
1556.4700,2.056E-005
1556.4800,2.038E-005
1556.4900,2.027E-005
1556.5000,2.013E-005
1556.5100,2.004E-005
1556.5200,1.996E-005
1556.5300,1.988E-005
1556.5400,1.969E-005
1556.5500,1.954E-005
1556.5600,1.930E-005
1556.5700,1.892E-005
1556.5800,1.870E-005
1556.5900,1.837E-005
1556.6000,1.804E-005
1556.6100,1.767E-005
1556.6200,1.714E-005
1556.6300,1.664E-005
1556.6400,1.614E-005
1556.6500,1.565E-005
1556.6600,1.519E-005
1556.6700,1.485E-005
1556.6800,1.450E-005
1556.6900,1.424E-005
1556.7000,1.393E-005
1556.7100,1.362E-005
1556.7200,1.334E-005
1556.7300,1.315E-005
1556.7400,1.293E-005
1556.7500,1.274E-005
1556.7600,1.262E-005
1556.7700,1.249E-005
1556.7800,1.237E-005
1556.7900,1.235E-005
1556.8000,1.223E-005
1556.8100,1.217E-005
1556.8200,1.214E-005
1556.8300,1.212E-005
1556.8400,1.209E-005
1556.8500,1.201E-005
1556.8600,1.199E-005
1556.8700,1.190E-005
1556.8800,1.176E-005
1556.8900,1.158E-005
1556.9000,1.135E-005
1556.9100,1.111E-005
1556.9200,1.076E-005
1556.9300,1.047E-005
1556.9400,1.012E-005
1556.9500,9.824E-006
1556.9600,9.487E-006
1556.9700,9.064E-006
1556.9800,8.742E-006
1556.9900,8.329E-006
1557.0000,7.787E-006
1557.0100,7.382E-006
1557.0200,6.967E-006
1557.0300,6.603E-006
1557.0400,6.324E-006
1557.0500,6.036E-006
1557.0600,5.732E-006
1557.0700,5.475E-006
1557.0800,5.145E-006
1557.0900,4.867E-006
1557.1000,4.534E-006
1557.1100,4.261E-006
1557.1200,4.062E-006
1557.1300,3.922E-006
1557.1400,3.759E-006
1557.1500,3.647E-006
1557.1600,3.476E-006
1557.1700,3.305E-006
1557.1800,3.189E-006
1557.1900,3.006E-006
1557.2000,2.883E-006
1557.2100,2.776E-006
1557.2200,2.636E-006
1557.2300,2.532E-006
1557.2400,2.473E-006
1557.2500,2.358E-006
1557.2600,2.293E-006
1557.2700,2.158E-006
1557.2800,2.026E-006
1557.2900,1.894E-006
1557.3000,1.801E-006
1557.3100,1.688E-006
1557.3200,1.599E-006
1557.3300,1.546E-006
1557.3400,1.448E-006
1557.3500,1.353E-006
1557.3600,1.243E-006
1557.3700,1.205E-006
1557.3800,1.073E-006
1557.3900,1.009E-006
1557.4000,9.252E-007
1557.4100,9.016E-007
1557.4200,8.092E-007
1557.4300,7.823E-007
1557.4400,6.929E-007
1557.4500,6.637E-007
1557.4600,6.099E-007
1557.4700,5.740E-007
1557.4800,4.956E-007
1557.4900,4.899E-007
1557.5000,4.124E-007
1557.5100,4.085E-007
1557.5200,4.112E-007
1557.5300,3.628E-007
1557.5400,3.154E-007
1557.5500,3.055E-007
1557.5600,2.797E-007
1557.5700,2.217E-007
1557.5800,1.837E-007
1557.5900,1.999E-007
1557.6000,1.890E-007
1557.6100,1.580E-007
1557.6200,1.300E-007
1557.6300,1.196E-007
1557.6400,1.083E-007
1557.6500,8.430E-008
1557.6600,7.210E-008
1557.6700,7.099E-008
1557.6800,9.777E-008
1557.6900,7.112E-008
1557.7000,4.969E-008
1557.7100,7.956E-008
1557.7200,2.454E-008
1557.7300,6.592E-008
1557.7400,9.789E-009
1557.7500,3.335E-008
1557.7600,1.089E-008
1557.7700,1.912E-008
1557.7800,1.566E-008
1557.7900,1.028E-008
1557.8000,1.263E-008
1557.8100,-4.702E-008
1557.8200,5.790E-008
1557.8300,4.501E-008
1557.8400,-8.358E-009
1557.8500,-4.540E-008
1557.8600,2.092E-008
1557.8700,2.589E-008
1557.8800,3.119E-009
1557.8900,2.787E-008
1557.9000,4.848E-008
1557.9100,7.782E-008
1557.9200,3.308E-008
1557.9300,8.237E-008
1557.9400,8.825E-008
1557.9500,8.928E-008
1557.9600,1.111E-007
1557.9700,1.274E-007
1557.9800,1.169E-007
1557.9900,1.337E-007
1558.0000,1.359E-007
1558.0100,1.449E-007
1558.0200,1.507E-007
1558.0300,1.957E-007
1558.0400,2.367E-007
1558.0500,2.319E-007
1558.0600,2.526E-007
1558.0700,2.600E-007
1558.0800,2.765E-007
1558.0900,3.523E-007
1558.1000,3.609E-007
1558.1100,3.927E-007
1558.1200,4.249E-007
1558.1300,4.797E-007
1558.1400,5.498E-007
1558.1500,5.862E-007
1558.1600,6.026E-007
1558.1700,6.620E-007
1558.1800,7.651E-007
1558.1900,8.066E-007
1558.2000,8.800E-007
1558.2100,9.980E-007
1558.2200,1.024E-006
1558.2300,1.121E-006
1558.2400,1.199E-006
1558.2500,1.229E-006
1558.2600,1.317E-006
1558.2700,1.430E-006
1558.2800,1.587E-006
1558.2900,1.627E-006
1558.3000,1.763E-006
1558.3100,1.872E-006
1558.3200,1.958E-006
1558.3300,2.128E-006
1558.3400,2.203E-006
1558.3500,2.321E-006
1558.3600,2.424E-006
1558.3700,2.582E-006
1558.3800,2.754E-006
1558.3900,2.977E-006
1558.4000,3.153E-006
1558.4100,3.247E-006
1558.4200,3.447E-006
1558.4300,3.603E-006
1558.4400,3.747E-006
1558.4500,3.968E-006
1558.4600,4.188E-006
1558.4700,4.424E-006
1558.4800,4.636E-006
1558.4900,4.857E-006
1558.5000,5.029E-006
1558.5100,5.201E-006
1558.5200,5.384E-006
1558.5300,5.621E-006
1558.5400,5.877E-006
1558.5500,6.194E-006
1558.5600,6.601E-006
1558.5700,6.995E-006
1558.5800,7.471E-006
1558.5900,7.852E-006
1558.6000,8.218E-006
1558.6100,8.644E-006
1558.6200,8.995E-006
1558.6300,9.483E-006
1558.6400,1.002E-005
1558.6500,1.051E-005
1558.6600,1.097E-005
1558.6700,1.141E-005
1558.6800,1.181E-005
1558.6900,1.212E-005
1558.7000,1.236E-005
1558.7100,1.264E-005
1558.7200,1.287E-005
1558.7300,1.314E-005
1558.7400,1.346E-005
1558.7500,1.385E-005
1558.7600,1.422E-005
1558.7700,1.466E-005
1558.7800,1.499E-005
1558.7900,1.529E-005
1558.8000,1.562E-005
1558.8100,1.593E-005
1558.8200,1.630E-005
1558.8300,1.669E-005
1558.8400,1.704E-005
1558.8500,1.745E-005
1558.8600,1.783E-005
1558.8700,1.810E-005
1558.8800,1.842E-005
1558.8900,1.880E-005
1558.9000,1.905E-005
1558.9100,1.943E-005
1558.9200,1.985E-005
1558.9300,2.036E-005
1558.9400,2.087E-005
1558.9500,2.142E-005
1558.9600,2.197E-005
1558.9700,2.245E-005
1558.9800,2.286E-005
1558.9900,2.334E-005
1559.0000,2.388E-005
1559.0100,2.452E-005
1559.0200,2.524E-005
1559.0300,2.596E-005
1559.0400,2.689E-005
1559.0500,2.762E-005
1559.0600,2.834E-005
1559.0700,2.914E-005
1559.0800,2.975E-005
1559.0900,3.072E-005
1559.1000,3.165E-005
1559.1100,3.241E-005
1559.1200,3.320E-005
1559.1300,3.370E-005
1559.1400,3.411E-005
1559.1500,3.445E-005
1559.1600,3.479E-005
1559.1700,3.508E-005
1559.1800,3.551E-005
1559.1900,3.594E-005
1559.2000,3.654E-005
1559.2100,3.719E-005
1559.2200,3.778E-005
1559.2300,3.838E-005
1559.2400,3.878E-005
1559.2500,3.933E-005
1559.2600,3.979E-005
1559.2700,4.017E-005
1559.2800,4.073E-005
1559.2900,4.124E-005
1559.3000,4.170E-005
1559.3100,4.220E-005
1559.3200,4.250E-005
1559.3300,4.287E-005
1559.3400,4.319E-005
1559.3500,4.344E-005
1559.3600,4.385E-005
1559.3700,4.414E-005
1559.3800,4.449E-005
1559.3900,4.478E-005
1559.4000,4.502E-005
1559.4100,4.517E-005
1559.4200,4.519E-005
1559.4300,4.528E-005
1559.4400,4.525E-005
1559.4500,4.523E-005
1559.4600,4.531E-005
1559.4700,4.549E-005
1559.4800,4.588E-005
1559.4900,4.651E-005
1559.5000,4.718E-005
1559.5100,4.772E-005
1559.5200,4.849E-005
1559.5300,4.927E-005
1559.5400,5.009E-005
1559.5500,5.118E-005
1559.5600,5.210E-005
1559.5700,5.283E-005
1559.5800,5.351E-005
1559.5900,5.394E-005
1559.6000,5.424E-005
1559.6100,5.439E-005
1559.6200,5.439E-005
1559.6300,5.430E-005
1559.6400,5.400E-005
1559.6500,5.366E-005
1559.6600,5.317E-005
1559.6700,5.264E-005
1559.6800,5.203E-005
1559.6900,5.149E-005
1559.7000,5.105E-005
1559.7100,5.054E-005
1559.7200,5.004E-005
1559.7300,4.954E-005
1559.7400,4.903E-005
1559.7500,4.869E-005
1559.7600,4.832E-005
1559.7700,4.803E-005
1559.7800,4.784E-005
1559.7900,4.747E-005
1559.8000,4.726E-005
1559.8100,4.698E-005
1559.8200,4.659E-005
1559.8300,4.628E-005
1559.8400,4.594E-005
1559.8500,4.552E-005
1559.8600,4.526E-005
1559.8700,4.504E-005
1559.8800,4.500E-005
1559.8900,4.488E-005
1559.9000,4.492E-005
1559.9100,4.506E-005
1559.9200,4.515E-005
1559.9300,4.526E-005
1559.9400,4.524E-005
1559.9500,4.512E-005
1559.9600,4.497E-005
1559.9700,4.482E-005
1559.9800,4.459E-005
1559.9900,4.437E-005
1560.0000,4.421E-005
1560.0100,4.388E-005
1560.0200,4.351E-005
1560.0300,4.284E-005
1560.0400,4.205E-005
1560.0500,4.143E-005
1560.0600,4.073E-005
1560.0700,4.012E-005
1560.0800,3.947E-005
1560.0900,3.870E-005
1560.1000,3.798E-005
1560.1100,3.730E-005
1560.1200,3.649E-005
1560.1300,3.568E-005
1560.1400,3.483E-005
1560.1500,3.405E-005
1560.1600,3.341E-005
1560.1700,3.264E-005
1560.1800,3.171E-005
1560.1900,3.060E-005
1560.2000,2.962E-005
1560.2100,2.885E-005
1560.2200,2.794E-005
1560.2300,2.738E-005
1560.2400,2.683E-005
1560.2500,2.627E-005
1560.2600,2.584E-005
1560.2700,2.522E-005
1560.2800,2.463E-005
1560.2900,2.412E-005
1560.3000,2.372E-005
1560.3100,2.342E-005
1560.3200,2.321E-005
1560.3300,2.299E-005
1560.3400,2.281E-005
1560.3500,2.261E-005
1560.3600,2.236E-005
1560.3700,2.207E-005
1560.3800,2.178E-005
1560.3900,2.151E-005
1560.4000,2.139E-005
1560.4100,2.129E-005
1560.4200,2.120E-005
1560.4300,2.110E-005
1560.4400,2.103E-005
1560.4500,2.097E-005
1560.4600,2.083E-005
1560.4700,2.078E-005
1560.4800,2.068E-005
1560.4900,2.063E-005
1560.5000,2.057E-005
1560.5100,2.046E-005
1560.5200,2.029E-005
1560.5300,2.010E-005
1560.5400,1.979E-005
1560.5500,1.934E-005
1560.5600,1.895E-005
1560.5700,1.841E-005
1560.5800,1.787E-005
1560.5900,1.746E-005
1560.6000,1.710E-005
1560.6100,1.677E-005
1560.6200,1.642E-005
1560.6300,1.605E-005
1560.6400,1.574E-005
1560.6500,1.540E-005
1560.6600,1.521E-005
1560.6700,1.495E-005
1560.6800,1.471E-005
1560.6900,1.458E-005
1560.7000,1.447E-005
1560.7100,1.437E-005
1560.7200,1.433E-005
1560.7300,1.429E-005
1560.7400,1.431E-005
1560.7500,1.431E-005
1560.7600,1.439E-005
1560.7700,1.445E-005
1560.7800,1.452E-005
1560.7900,1.462E-005
1560.8000,1.475E-005
1560.8100,1.497E-005
1560.8200,1.526E-005
1560.8300,1.551E-005
1560.8400,1.581E-005
1560.8500,1.610E-005
1560.8600,1.627E-005
1560.8700,1.649E-005
1560.8800,1.670E-005
1560.8900,1.697E-005
1560.9000,1.732E-005
1560.9100,1.763E-005
1560.9200,1.811E-005
1560.9300,1.856E-005
1560.9400,1.897E-005
1560.9500,1.939E-005
1560.9600,1.961E-005
1560.9700,1.982E-005
1560.9800,2.002E-005
1560.9900,2.017E-005
1561.0000,2.029E-005
1561.0100,2.040E-005
1561.0200,2.053E-005
1561.0300,2.056E-005
1561.0400,2.061E-005
1561.0500,2.062E-005
1561.0600,2.067E-005
1561.0700,2.067E-005
1561.0800,2.071E-005
1561.0900,2.070E-005
1561.1000,2.079E-005
1561.1100,2.091E-005
1561.1200,2.111E-005
1561.1300,2.132E-005
1561.1400,2.156E-005
1561.1500,2.181E-005
1561.1600,2.217E-005
1561.1700,2.256E-005
1561.1800,2.303E-005
1561.1900,2.368E-005
1561.2000,2.437E-005
1561.2100,2.511E-005
1561.2200,2.585E-005
1561.2300,2.653E-005
1561.2400,2.740E-005
1561.2500,2.814E-005
1561.2600,2.886E-005
1561.2700,2.996E-005
1561.2800,3.089E-005
1561.2900,3.164E-005
1561.3000,3.256E-005
1561.3100,3.328E-005
1561.3200,3.395E-005
1561.3300,3.464E-005
1561.3400,3.518E-005
1561.3500,3.593E-005
1561.3600,3.657E-005
1561.3700,3.733E-005
1561.3800,3.815E-005
1561.3900,3.900E-005
1561.4000,3.996E-005
1561.4100,4.073E-005
1561.4200,4.151E-005
1561.4300,4.229E-005
1561.4400,4.319E-005
1561.4500,4.413E-005
1561.4600,4.514E-005
1561.4700,4.596E-005
1561.4800,4.666E-005
1561.4900,4.713E-005
1561.5000,4.735E-005
1561.5100,4.753E-005
1561.5200,4.753E-005
1561.5300,4.758E-005
1561.5400,4.758E-005
1561.5500,4.752E-005
1561.5600,4.749E-005
1561.5700,4.747E-005
1561.5800,4.745E-005
1561.5900,4.745E-005
1561.6000,4.749E-005
1561.6100,4.756E-005
1561.6200,4.763E-005
1561.6300,4.780E-005
1561.6400,4.799E-005
1561.6500,4.821E-005
1561.6600,4.845E-005
1561.6700,4.873E-005
1561.6800,4.895E-005
1561.6900,4.916E-005
1561.7000,4.946E-005
1561.7100,4.968E-005
1561.7200,4.992E-005
1561.7300,5.023E-005
1561.7400,5.056E-005
1561.7500,5.087E-005
1561.7600,5.113E-005
1561.7700,5.120E-005
1561.7800,5.127E-005
1561.7900,5.118E-005
1561.8000,5.109E-005
1561.8100,5.082E-005
1561.8200,5.034E-005
1561.8300,4.968E-005
1561.8400,4.901E-005
1561.8500,4.839E-005
1561.8600,4.780E-005
1561.8700,4.742E-005
1561.8800,4.705E-005
1561.8900,4.666E-005
1561.9000,4.616E-005
1561.9100,4.556E-005
1561.9200,4.479E-005
1561.9300,4.407E-005
1561.9400,4.308E-005
1561.9500,4.225E-005
1561.9600,4.149E-005
1561.9700,4.059E-005
1561.9800,3.981E-005
1561.9900,3.862E-005
1562.0000,3.745E-005
1562.0100,3.649E-005
1562.0200,3.537E-005
1562.0300,3.445E-005
1562.0400,3.388E-005
1562.0500,3.342E-005
1562.0600,3.294E-005
1562.0700,3.251E-005
1562.0800,3.224E-005
1562.0900,3.196E-005
1562.1000,3.187E-005
1562.1100,3.196E-005
1562.1200,3.209E-005
1562.1300,3.236E-005
1562.1400,3.255E-005
1562.1500,3.278E-005
1562.1600,3.302E-005
1562.1700,3.310E-005
1562.1800,3.302E-005
1562.1900,3.279E-005
1562.2000,3.249E-005
1562.2100,3.214E-005
1562.2200,3.191E-005
1562.2300,3.159E-005
1562.2400,3.131E-005
1562.2500,3.105E-005
1562.2600,3.060E-005
1562.2700,3.014E-005
1562.2800,2.963E-005
1562.2900,2.897E-005
1562.3000,2.830E-005
1562.3100,2.772E-005
1562.3200,2.716E-005
1562.3300,2.666E-005
1562.3400,2.615E-005
1562.3500,2.561E-005
1562.3600,2.514E-005
1562.3700,2.463E-005
1562.3800,2.402E-005
1562.3900,2.337E-005
1562.4000,2.276E-005
1562.4100,2.220E-005
1562.4200,2.158E-005
1562.4300,2.103E-005
1562.4400,2.040E-005
1562.4500,1.957E-005
1562.4600,1.885E-005
1562.4700,1.819E-005
1562.4800,1.757E-005
1562.4900,1.710E-005
1562.5000,1.656E-005
1562.5100,1.605E-005
1562.5200,1.573E-005
1562.5300,1.522E-005
1562.5400,1.476E-005
1562.5500,1.422E-005
1562.5600,1.375E-005
1562.5700,1.339E-005
1562.5800,1.307E-005
1562.5900,1.285E-005
1562.6000,1.272E-005
1562.6100,1.253E-005
1562.6200,1.243E-005
1562.6300,1.237E-005
1562.6400,1.229E-005
1562.6500,1.218E-005
1562.6600,1.210E-005
1562.6700,1.198E-005
1562.6800,1.182E-005
1562.6900,1.161E-005
1562.7000,1.138E-005
1562.7100,1.112E-005
1562.7200,1.080E-005
1562.7300,1.042E-005
1562.7400,9.970E-006
1562.7500,9.482E-006
1562.7600,9.114E-006
1562.7700,8.748E-006
1562.7800,8.414E-006
1562.7900,8.111E-006
1562.8000,7.756E-006
1562.8100,7.329E-006
1562.8200,6.849E-006
1562.8300,6.395E-006
1562.8400,6.020E-006
1562.8500,5.644E-006
1562.8600,5.364E-006
1562.8700,5.140E-006
1562.8800,4.837E-006
1562.8900,4.575E-006
1562.9000,4.218E-006
1562.9100,3.882E-006
1562.9200,3.594E-006
1562.9300,3.296E-006
1562.9400,3.126E-006
1562.9500,2.992E-006
1562.9600,2.800E-006
1562.9700,2.680E-006
1562.9800,2.512E-006
1562.9900,2.266E-006
1563.0000,2.154E-006
1563.0100,2.002E-006
1563.0200,1.837E-006
1563.0300,1.700E-006
1563.0400,1.640E-006
1563.0500,1.521E-006
1563.0600,1.456E-006
1563.0700,1.405E-006
1563.0800,1.290E-006
1563.0900,1.178E-006
1563.1000,1.079E-006
1563.1100,1.042E-006
1563.1200,9.700E-007
1563.1300,9.704E-007
1563.1400,8.942E-007
1563.1500,8.523E-007
1563.1600,7.961E-007
1563.1700,7.294E-007
1563.1800,6.897E-007
1563.1900,6.382E-007
1563.2000,5.721E-007
1563.2100,4.936E-007
1563.2200,4.893E-007
1563.2300,4.487E-007
1563.2400,4.034E-007
1563.2500,3.391E-007
1563.2600,3.320E-007
1563.2700,2.976E-007
1563.2800,2.386E-007
1563.2900,2.443E-007
1563.3000,2.033E-007
1563.3100,1.877E-007
1563.3200,1.682E-007
1563.3300,1.532E-007
1563.3400,1.467E-007
1563.3500,8.378E-008
1563.3600,1.144E-007
1563.3700,1.052E-007
1563.3800,5.567E-008
1563.3900,3.622E-008
1563.4000,3.702E-008
1563.4100,3.048E-008
1563.4200,4.713E-008
1563.4300,6.439E-008
1563.4400,3.493E-008
1563.4500,-3.661E-008
1563.4600,2.574E-008
1563.4700,3.550E-008
1563.4800,3.973E-008
1563.4900,1.273E-008
1563.5000,4.422E-008
1563.5100,3.763E-008
1563.5200,-1.681E-008
1563.5300,-1.277E-009
1563.5400,-7.429E-009
1563.5500,5.389E-008
1563.5600,4.539E-008
1563.5700,4.290E-008
1563.5800,9.518E-009
1563.5900,2.942E-008
1563.6000,4.732E-008
1563.6100,1.849E-008
1563.6200,7.367E-008
1563.6300,7.906E-008
1563.6400,5.465E-008
1563.6500,8.096E-008
1563.6600,8.204E-008
1563.6700,1.115E-007
1563.6800,8.949E-008
1563.6900,9.088E-008
1563.7000,1.191E-007
1563.7100,1.801E-007
1563.7200,1.271E-007
1563.7300,1.592E-007
1563.7400,1.885E-007
1563.7500,1.814E-007
1563.7600,2.166E-007
1563.7700,2.301E-007
1563.7800,2.526E-007
1563.7900,2.517E-007
1563.8000,2.573E-007
1563.8100,2.811E-007
1563.8200,3.265E-007
1563.8300,3.614E-007
1563.8400,3.570E-007
1563.8500,4.034E-007
1563.8600,4.118E-007
1563.8700,4.509E-007
1563.8800,4.905E-007
1563.8900,5.203E-007
1563.9000,5.146E-007
1563.9100,6.364E-007
1563.9200,6.400E-007
1563.9300,6.890E-007
1563.9400,7.126E-007
1563.9500,7.915E-007
1563.9600,8.194E-007
1563.9700,8.489E-007
1563.9800,9.185E-007
1563.9900,9.824E-007
1564.0000,9.887E-007
1564.0100,1.053E-006
1564.0200,1.114E-006
1564.0300,1.173E-006
1564.0400,1.195E-006
1564.0500,1.231E-006
1564.0600,1.294E-006
1564.0700,1.335E-006
1564.0800,1.417E-006
1564.0900,1.467E-006
1564.1000,1.544E-006
1564.1100,1.591E-006
1564.1200,1.677E-006
1564.1300,1.730E-006
1564.1400,1.796E-006
1564.1500,1.834E-006
1564.1600,1.948E-006
1564.1700,2.046E-006
1564.1800,2.165E-006
1564.1900,2.271E-006
1564.2000,2.417E-006
1564.2100,2.512E-006
1564.2200,2.611E-006
1564.2300,2.750E-006
1564.2400,2.823E-006
1564.2500,2.978E-006
1564.2600,3.151E-006
1564.2700,3.311E-006
1564.2800,3.499E-006
1564.2900,3.665E-006
1564.3000,3.881E-006
1564.3100,4.082E-006
1564.3200,4.255E-006
1564.3300,4.436E-006
1564.3400,4.669E-006
1564.3500,4.904E-006
1564.3600,5.172E-006
1564.3700,5.436E-006
1564.3800,5.720E-006
1564.3900,6.055E-006
1564.4000,6.203E-006
1564.4100,6.466E-006
1564.4200,6.648E-006
1564.4300,6.888E-006
1564.4400,7.197E-006
1564.4500,7.452E-006
1564.4600,7.727E-006
1564.4700,7.981E-006
1564.4800,8.286E-006
1564.4900,8.571E-006
1564.5000,8.891E-006
1564.5100,9.190E-006
1564.5200,9.584E-006
1564.5300,1.004E-005
1564.5400,1.052E-005
1564.5500,1.095E-005
1564.5600,1.140E-005
1564.5700,1.184E-005
1564.5800,1.207E-005
1564.5900,1.233E-005
1564.6000,1.260E-005
1564.6100,1.280E-005
1564.6200,1.300E-005
1564.6300,1.323E-005
1564.6400,1.339E-005
1564.6500,1.342E-005
1564.6600,1.340E-005
1564.6700,1.335E-005
1564.6800,1.326E-005
1564.6900,1.317E-005
1564.7000,1.313E-005
1564.7100,1.300E-005
1564.7200,1.293E-005
1564.7300,1.283E-005
1564.7400,1.265E-005
1564.7500,1.250E-005
1564.7600,1.227E-005
1564.7700,1.215E-005
1564.7800,1.200E-005
1564.7900,1.186E-005
1564.8000,1.173E-005
1564.8100,1.168E-005
1564.8200,1.164E-005
1564.8300,1.167E-005
1564.8400,1.179E-005
1564.8500,1.193E-005
1564.8600,1.213E-005
1564.8700,1.237E-005
1564.8800,1.255E-005
1564.8900,1.285E-005
1564.9000,1.320E-005
1564.9100,1.354E-005
1564.9200,1.391E-005
1564.9300,1.424E-005
1564.9400,1.450E-005
1564.9500,1.471E-005
1564.9600,1.490E-005
1564.9700,1.512E-005
1564.9800,1.532E-005
1564.9900,1.547E-005
1565.0000,1.561E-005
1565.0100,1.566E-005
1565.0200,1.565E-005
1565.0300,1.563E-005
1565.0400,1.555E-005
1565.0500,1.550E-005
1565.0600,1.541E-005
1565.0700,1.525E-005
1565.0800,1.517E-005
1565.0900,1.510E-005
1565.1000,1.509E-005
1565.1100,1.508E-005
1565.1200,1.520E-005
1565.1300,1.525E-005
1565.1400,1.538E-005
1565.1500,1.547E-005
1565.1600,1.560E-005
1565.1700,1.574E-005
1565.1800,1.594E-005
1565.1900,1.609E-005
1565.2000,1.638E-005
1565.2100,1.666E-005
1565.2200,1.684E-005
1565.2300,1.708E-005
1565.2400,1.724E-005
1565.2500,1.745E-005
1565.2600,1.765E-005
1565.2700,1.792E-005
1565.2800,1.825E-005
1565.2900,1.846E-005
1565.3000,1.874E-005
1565.3100,1.900E-005
1565.3200,1.921E-005
1565.3300,1.944E-005
1565.3400,1.958E-005
1565.3500,1.975E-005
1565.3600,1.999E-005
1565.3700,2.015E-005
1565.3800,2.033E-005
1565.3900,2.047E-005
1565.4000,2.056E-005
1565.4100,2.068E-005
1565.4200,2.083E-005
1565.4300,2.091E-005
1565.4400,2.102E-005
1565.4500,2.118E-005
1565.4600,2.128E-005
1565.4700,2.142E-005
1565.4800,2.153E-005
1565.4900,2.153E-005
1565.5000,2.163E-005
1565.5100,2.157E-005
1565.5200,2.157E-005
1565.5300,2.150E-005
1565.5400,2.140E-005
1565.5500,2.116E-005
1565.5600,2.084E-005
1565.5700,2.050E-005
1565.5800,2.008E-005
1565.5900,1.972E-005
1565.6000,1.922E-005
1565.6100,1.870E-005
1565.6200,1.826E-005
1565.6300,1.746E-005
1565.6400,1.667E-005
1565.6500,1.608E-005
1565.6600,1.531E-005
1565.6700,1.461E-005
1565.6800,1.407E-005
1565.6900,1.349E-005
1565.7000,1.300E-005
1565.7100,1.232E-005
1565.7200,1.167E-005
1565.7300,1.113E-005
1565.7400,1.046E-005
1565.7500,9.921E-006
1565.7600,9.610E-006
1565.7700,9.292E-006
1565.7800,9.118E-006
1565.7900,8.940E-006
1565.8000,8.697E-006
1565.8100,8.550E-006
1565.8200,8.417E-006
1565.8300,8.261E-006
1565.8400,8.093E-006
1565.8500,7.963E-006
1565.8600,7.822E-006
1565.8700,7.732E-006
1565.8800,7.569E-006
1565.8900,7.440E-006
1565.9000,7.258E-006
1565.9100,7.085E-006
1565.9200,6.943E-006
1565.9300,6.758E-006
1565.9400,6.584E-006
1565.9500,6.444E-006
1565.9600,6.312E-006
1565.9700,6.130E-006
1565.9800,6.001E-006
1565.9900,5.829E-006
1566.0000,5.611E-006
1566.0100,5.442E-006
1566.0200,5.246E-006
1566.0300,5.081E-006
1566.0400,4.897E-006
1566.0500,4.828E-006
1566.0600,4.742E-006
1566.0700,4.614E-006
1566.0800,4.567E-006
1566.0900,4.448E-006
1566.1000,4.425E-006
1566.1100,4.355E-006
1566.1200,4.319E-006
1566.1300,4.289E-006
1566.1400,4.281E-006
1566.1500,4.246E-006
1566.1600,4.247E-006
1566.1700,4.234E-006
1566.1800,4.218E-006
1566.1900,4.205E-006
1566.2000,4.210E-006
1566.2100,4.139E-006
1566.2200,4.130E-006
1566.2300,4.053E-006
1566.2400,4.029E-006
1566.2500,4.013E-006
1566.2600,3.960E-006
1566.2700,3.916E-006
1566.2800,3.880E-006
1566.2900,3.860E-006
1566.3000,3.808E-006
1566.3100,3.763E-006
1566.3200,3.744E-006
1566.3300,3.702E-006
1566.3400,3.649E-006
1566.3500,3.626E-006
1566.3600,3.571E-006
1566.3700,3.555E-006
1566.3800,3.569E-006
1566.3900,3.592E-006
1566.4000,3.572E-006
1566.4100,3.520E-006
1566.4200,3.535E-006
1566.4300,3.531E-006
1566.4400,3.502E-006
1566.4500,3.497E-006
1566.4600,3.476E-006
1566.4700,3.494E-006
1566.4800,3.441E-006
1566.4900,3.385E-006
1566.5000,3.326E-006
1566.5100,3.286E-006
1566.5200,3.255E-006
1566.5300,3.236E-006
1566.5400,3.189E-006
1566.5500,3.145E-006
1566.5600,3.109E-006
1566.5700,3.082E-006
1566.5800,3.013E-006
1566.5900,2.956E-006
1566.6000,2.885E-006
1566.6100,2.842E-006
1566.6200,2.766E-006
1566.6300,2.735E-006
1566.6400,2.610E-006
1566.6500,2.562E-006
1566.6600,2.546E-006
1566.6700,2.458E-006
1566.6800,2.428E-006
1566.6900,2.404E-006
1566.7000,2.380E-006
1566.7100,2.366E-006
1566.7200,2.311E-006
1566.7300,2.299E-006
1566.7400,2.272E-006
1566.7500,2.280E-006
1566.7600,2.322E-006
1566.7700,2.230E-006
1566.7800,2.265E-006
1566.7900,2.335E-006
1566.8000,2.296E-006
1566.8100,2.286E-006
1566.8200,2.298E-006
1566.8300,2.250E-006
1566.8400,2.263E-006
1566.8500,2.190E-006
1566.8600,2.163E-006
1566.8700,2.102E-006
1566.8800,2.079E-006
1566.8900,2.076E-006
1566.9000,2.045E-006
1566.9100,1.982E-006
1566.9200,1.937E-006
1566.9300,1.935E-006
1566.9400,1.883E-006
1566.9500,1.836E-006
1566.9600,1.793E-006
1566.9700,1.786E-006
1566.9800,1.778E-006
1566.9900,1.714E-006
1567.0000,1.700E-006
1567.0100,1.712E-006
1567.0200,1.700E-006
1567.0300,1.719E-006
1567.0400,1.777E-006
1567.0500,1.780E-006
1567.0600,1.850E-006
1567.0700,1.867E-006
1567.0800,1.929E-006
1567.0900,1.966E-006
1567.1000,2.079E-006
1567.1100,2.160E-006
1567.1200,2.247E-006
1567.1300,2.374E-006
1567.1400,2.456E-006
1567.1500,2.503E-006
1567.1600,2.605E-006
1567.1700,2.638E-006
1567.1800,2.704E-006
1567.1900,2.787E-006
1567.2000,2.822E-006
1567.2100,2.907E-006
1567.2200,2.950E-006
1567.2300,3.004E-006
1567.2400,3.094E-006
1567.2500,3.136E-006
1567.2600,3.136E-006
1567.2700,3.182E-006
1567.2800,3.214E-006
1567.2900,3.268E-006
1567.3000,3.393E-006
1567.3100,3.467E-006
1567.3200,3.535E-006
1567.3300,3.638E-006
1567.3400,3.735E-006
1567.3500,3.819E-006
1567.3600,3.891E-006
1567.3700,3.965E-006
1567.3800,4.083E-006
1567.3900,4.181E-006
1567.4000,4.296E-006
1567.4100,4.398E-006
1567.4200,4.487E-006
1567.4300,4.563E-006
1567.4400,4.633E-006
1567.4500,4.631E-006
1567.4600,4.683E-006
1567.4700,4.725E-006
1567.4800,4.729E-006
1567.4900,4.786E-006
1567.5000,4.757E-006
1567.5100,4.770E-006
1567.5200,4.741E-006
1567.5300,4.741E-006
1567.5400,4.682E-006
1567.5500,4.632E-006
1567.5600,4.628E-006
1567.5700,4.548E-006
1567.5800,4.490E-006
1567.5900,4.388E-006
1567.6000,4.322E-006
1567.6100,4.222E-006
1567.6200,4.184E-006
1567.6300,4.092E-006
1567.6400,4.074E-006
1567.6500,3.970E-006
1567.6600,3.916E-006
1567.6700,3.829E-006
1567.6800,3.732E-006
1567.6900,3.680E-006
1567.7000,3.630E-006
1567.7100,3.521E-006
1567.7200,3.450E-006
1567.7300,3.413E-006
1567.7400,3.330E-006
1567.7500,3.249E-006
1567.7600,3.166E-006
1567.7700,3.031E-006
1567.7800,2.899E-006
1567.7900,2.755E-006
1567.8000,2.678E-006
1567.8100,2.567E-006
1567.8200,2.490E-006
1567.8300,2.357E-006
1567.8400,2.231E-006
1567.8500,2.100E-006
1567.8600,1.977E-006
1567.8700,1.799E-006
1567.8800,1.643E-006
1567.8900,1.597E-006
1567.9000,1.434E-006
1567.9100,1.347E-006
1567.9200,1.275E-006
1567.9300,1.197E-006
1567.9400,1.086E-006
1567.9500,1.016E-006
1567.9600,9.461E-007
1567.9700,9.336E-007
1567.9800,8.734E-007
1567.9900,8.706E-007
1568.0000,8.643E-007
1568.0100,8.502E-007
1568.0200,8.598E-007
1568.0300,8.464E-007
1568.0400,8.411E-007
1568.0500,8.393E-007
1568.0600,8.597E-007
1568.0700,8.762E-007
1568.0800,8.735E-007
1568.0900,8.795E-007
1568.1000,9.191E-007
1568.1100,8.996E-007
1568.1200,9.284E-007
1568.1300,9.257E-007
1568.1400,9.395E-007
1568.1500,9.392E-007
1568.1600,9.487E-007
1568.1700,9.539E-007
1568.1800,9.197E-007
1568.1900,9.216E-007
1568.2000,9.292E-007
1568.2100,9.176E-007
1568.2200,9.282E-007
1568.2300,8.780E-007
1568.2400,9.065E-007
1568.2500,8.662E-007
1568.2600,8.438E-007
1568.2700,8.597E-007
1568.2800,8.744E-007
1568.2900,8.525E-007
1568.3000,8.272E-007
1568.3100,8.443E-007
1568.3200,8.354E-007
1568.3300,8.185E-007
1568.3400,8.114E-007
1568.3500,8.191E-007
1568.3600,8.130E-007
1568.3700,8.052E-007
1568.3800,7.928E-007
1568.3900,8.005E-007
1568.4000,7.757E-007
1568.4100,7.692E-007
1568.4200,7.575E-007
1568.4300,7.225E-007
1568.4400,7.171E-007
1568.4500,6.835E-007
1568.4600,6.389E-007
1568.4700,6.563E-007
1568.4800,6.350E-007
1568.4900,5.948E-007
1568.5000,5.699E-007
1568.5100,5.589E-007
1568.5200,5.165E-007
1568.5300,4.462E-007
1568.5400,4.788E-007
1568.5500,4.412E-007
1568.5600,4.357E-007
1568.5700,4.013E-007
1568.5800,4.004E-007
1568.5900,3.452E-007
1568.6000,3.469E-007
1568.6100,3.174E-007
1568.6200,3.477E-007
1568.6300,3.057E-007
1568.6400,2.778E-007
1568.6500,2.939E-007
1568.6600,3.192E-007
1568.6700,2.486E-007
1568.6800,2.423E-007
1568.6900,2.442E-007
1568.7000,2.285E-007
1568.7100,1.935E-007
1568.7200,2.043E-007
1568.7300,1.961E-007
1568.7400,1.772E-007
1568.7500,1.759E-007
1568.7600,1.756E-007
1568.7700,1.623E-007
1568.7800,1.292E-007
1568.7900,1.145E-007
1568.8000,1.225E-007
1568.8100,8.614E-008
1568.8200,9.740E-008
1568.8300,3.952E-008
1568.8400,4.591E-008
1568.8500,7.029E-008
1568.8600,5.680E-008
1568.8700,5.687E-008
1568.8800,8.195E-008
1568.8900,5.667E-008
1568.9000,6.628E-008
1568.9100,2.237E-008
1568.9200,2.214E-008
1568.9300,1.663E-008
1568.9400,5.358E-008
1568.9500,3.573E-008
1568.9600,2.142E-008
1568.9700,1.435E-008
1568.9800,1.900E-008
1568.9900,-1.857E-008
1569.0000,-4.736E-009
1569.0100,7.163E-009
1569.0200,2.997E-008
1569.0300,2.795E-008
1569.0400,1.834E-008
1569.0500,-2.553E-009
1569.0600,-3.749E-008
1569.0700,8.293E-009
1569.0800,5.238E-009
1569.0900,1.641E-008
1569.1000,6.579E-009
1569.1100,5.028E-009
1569.1200,3.758E-008
1569.1300,2.456E-008
1569.1400,2.344E-008
1569.1500,-1.328E-008
1569.1600,-1.326E-008
1569.1700,1.570E-008
1569.1800,-8.216E-009
1569.1900,5.549E-008
1569.2000,-2.240E-008
1569.2100,2.186E-008
1569.2200,2.331E-008
1569.2300,-5.520E-009
1569.2400,-5.800E-009
1569.2500,1.617E-008
1569.2600,9.588E-009
1569.2700,1.885E-010
1569.2800,-2.341E-008
1569.2900,2.137E-008
1569.3000,-1.232E-008
1569.3100,1.858E-008
1569.3200,2.608E-008
1569.3300,3.552E-009
1569.3400,2.965E-008
1569.3500,-1.125E-008
1569.3600,1.509E-008
1569.3700,1.710E-008
1569.3800,-7.667E-009
1569.3900,2.163E-008
1569.4000,3.115E-009
1569.4100,7.686E-009
1569.4200,2.310E-008
1569.4300,2.398E-008
1569.4400,4.033E-008
1569.4500,1.730E-008
1569.4600,-5.446E-009
1569.4700,1.873E-008
1569.4800,4.170E-008
1569.4900,1.154E-008
1569.5000,-1.893E-008
1569.5100,-1.338E-008
1569.5200,-1.432E-008
1569.5300,-2.288E-008
1569.5400,-9.388E-009
1569.5500,-1.291E-008
1569.5600,-1.065E-008
1569.5700,5.210E-009
1569.5800,1.112E-008
1569.5900,1.629E-008
1569.6000,3.807E-008
1569.6100,7.866E-009
1569.6200,1.217E-008
1569.6300,8.502E-009
1569.6400,2.599E-008
1569.6500,-2.124E-008
1569.6600,-7.008E-009
1569.6700,3.636E-008
1569.6800,3.911E-008
1569.6900,3.972E-009
1569.7000,2.220E-008
1569.7100,5.290E-008
1569.7200,4.777E-009
1569.7300,9.667E-009
1569.7400,7.371E-010
1569.7500,2.604E-008
1569.7600,2.799E-008
1569.7700,3.468E-008
1569.7800,1.371E-008
1569.7900,2.814E-009
1569.8000,3.411E-008
1569.8100,4.796E-008
1569.8200,-1.690E-008
1569.8300,-2.537E-009
1569.8400,3.904E-009
1569.8500,1.316E-008
1569.8600,-7.793E-009
1569.8700,2.675E-008
1569.8800,4.964E-009
1569.8900,3.040E-008
1569.9000,2.680E-008
1569.9100,4.833E-008
1569.9200,1.399E-008
1569.9300,9.419E-009
1569.9400,9.861E-009
1569.9500,3.283E-008
1569.9600,1.806E-008
1569.9700,6.606E-008
1569.9800,3.833E-008
1569.9900,3.100E-008
1570.0000,-3.320E-009
1570.0100,2.831E-008
1570.0200,1.933E-008
1570.0300,6.001E-008
1570.0400,2.141E-008
1570.0500,5.038E-008
1570.0600,7.318E-008
1570.0700,5.248E-008
1570.0800,5.150E-008
1570.0900,3.504E-008
1570.1000,1.155E-008
1570.1100,5.869E-009
1570.1200,3.110E-008
1570.1300,5.097E-009
1570.1400,2.365E-008
1570.1500,1.615E-008
1570.1600,1.762E-008
1570.1700,2.467E-008
1570.1800,1.516E-008
1570.1900,7.289E-008
1570.2000,5.926E-008
1570.2100,8.246E-009
1570.2200,7.825E-008
1570.2300,2.728E-008
1570.2400,5.207E-008
1570.2500,2.234E-008
1570.2600,3.105E-008
1570.2700,7.632E-008
1570.2800,6.291E-008
1570.2900,6.599E-008
1570.3000,8.831E-008
1570.3100,7.899E-008
1570.3200,1.000E-007
1570.3300,6.245E-008
1570.3400,1.019E-007
1570.3500,1.033E-007
1570.3600,6.350E-008
1570.3700,1.137E-007
1570.3800,8.958E-008
1570.3900,1.081E-007
1570.4000,8.694E-008
1570.4100,1.037E-007
1570.4200,1.252E-007
1570.4300,1.440E-007
1570.4400,1.417E-007
1570.4500,1.395E-007
1570.4600,1.349E-007
1570.4700,1.510E-007
1570.4800,1.480E-007
1570.4900,1.564E-007
1570.5000,1.738E-007
1570.5100,1.307E-007
1570.5200,1.570E-007
1570.5300,1.341E-007
1570.5400,1.669E-007
1570.5500,1.658E-007
1570.5600,2.090E-007
1570.5700,1.659E-007
1570.5800,1.594E-007
1570.5900,1.727E-007
1570.6000,1.572E-007
1570.6100,1.800E-007
1570.6200,1.819E-007
1570.6300,1.371E-007
1570.6400,1.562E-007
1570.6500,1.741E-007
1570.6600,1.939E-007
1570.6700,1.784E-007
1570.6800,2.021E-007
1570.6900,1.945E-007
1570.7000,1.915E-007
1570.7100,1.665E-007
1570.7200,1.434E-007
1570.7300,1.634E-007
1570.7400,1.711E-007
1570.7500,1.486E-007
1570.7600,1.276E-007
1570.7700,1.472E-007
1570.7800,1.515E-007
1570.7900,1.144E-007
1570.8000,1.373E-007
1570.8100,1.472E-007
1570.8200,1.365E-007
1570.8300,1.203E-007
1570.8400,1.119E-007
1570.8500,1.263E-007
1570.8600,1.258E-007
1570.8700,1.045E-007
1570.8800,1.186E-007
1570.8900,1.187E-007
1570.9000,1.396E-007
1570.9100,1.431E-007
1570.9200,1.168E-007
1570.9300,1.203E-007
1570.9400,1.263E-007
1570.9500,1.404E-007
1570.9600,1.461E-007
1570.9700,1.127E-007
1570.9800,1.094E-007
1570.9900,8.921E-008
1571.0000,1.227E-007
1571.0100,1.158E-007
1571.0200,1.418E-007
1571.0300,1.408E-007
1571.0400,1.270E-007
1571.0500,1.256E-007
1571.0600,1.033E-007
1571.0700,1.267E-007
1571.0800,8.905E-008
1571.0900,1.069E-007
1571.1000,1.192E-007
1571.1100,6.568E-008
1571.1200,9.827E-008
1571.1300,9.211E-008
1571.1400,7.086E-008
1571.1500,9.799E-008
1571.1600,8.655E-008
1571.1700,1.027E-007
1571.1800,1.321E-007
1571.1900,8.837E-008
1571.2000,9.200E-008
1571.2100,7.762E-008
1571.2200,9.308E-008
1571.2300,9.363E-008
1571.2400,1.068E-007
1571.2500,9.790E-008
1571.2600,8.629E-008
1571.2700,1.100E-007
1571.2800,1.027E-007
1571.2900,8.121E-008
1571.3000,1.294E-007
1571.3100,1.062E-007
1571.3200,1.268E-007
1571.3300,1.483E-007
1571.3400,1.071E-007
1571.3500,1.400E-007
1571.3600,1.833E-007
1571.3700,1.357E-007
1571.3800,1.566E-007
1571.3900,1.236E-007
1571.4000,1.348E-007
1571.4100,1.476E-007
1571.4200,1.349E-007
1571.4300,1.420E-007
1571.4400,1.106E-007
1571.4500,1.582E-007
1571.4600,1.179E-007
1571.4700,1.611E-007
1571.4800,1.392E-007
1571.4900,1.428E-007
1571.5000,1.508E-007
1571.5100,1.513E-007
1571.5200,1.397E-007
1571.5300,1.335E-007
1571.5400,1.177E-007
1571.5500,1.230E-007
1571.5600,1.249E-007
1571.5700,1.739E-007
1571.5800,1.492E-007
1571.5900,1.115E-007
1571.6000,1.414E-007
1571.6100,1.190E-007
1571.6200,1.217E-007
1571.6300,1.170E-007
1571.6400,1.063E-007
1571.6500,8.117E-008
1571.6600,1.099E-007
1571.6700,9.212E-008
1571.6800,9.310E-008
1571.6900,7.705E-008
1571.7000,9.560E-008
1571.7100,5.464E-008
1571.7200,7.965E-008
1571.7300,9.532E-008
1571.7400,6.766E-008
1571.7500,4.350E-008
1571.7600,4.335E-008
1571.7700,2.509E-008
1571.7800,4.231E-008
1571.7900,2.674E-010
1571.8000,3.166E-008
1571.8100,3.688E-008
1571.8200,3.097E-008
1571.8300,3.467E-008
1571.8400,4.599E-008
1571.8500,2.068E-008
1571.8600,2.923E-008
1571.8700,4.315E-008
1571.8800,8.346E-008
1571.8900,-1.135E-009
1571.9000,8.101E-009
1571.9100,5.562E-008
1571.9200,6.245E-008
1571.9300,7.034E-008
1571.9400,5.268E-008
1571.9500,3.776E-009
1571.9600,2.555E-008
1571.9700,5.891E-008
1571.9800,4.961E-008
1571.9900,2.471E-008
1572.0000,2.566E-008
1572.0100,2.519E-008
1572.0200,5.368E-008
1572.0300,3.813E-008
1572.0400,3.274E-008
1572.0500,1.795E-008
1572.0600,-7.457E-010
1572.0700,1.176E-008
1572.0800,6.694E-008
1572.0900,7.792E-009
1572.1000,-1.079E-008
1572.1100,-7.689E-009
1572.1200,-2.344E-008
1572.1300,2.094E-008
1572.1400,3.266E-008
1572.1500,3.831E-009
1572.1600,3.332E-008
1572.1700,4.760E-008
1572.1800,1.494E-008
1572.1900,-1.014E-008
1572.2000,-1.962E-008
1572.2100,4.043E-008
1572.2200,1.093E-008
1572.2300,-1.889E-008
1572.2400,-4.869E-009
1572.2500,2.348E-008
1572.2600,1.258E-008
1572.2700,6.519E-009
1572.2800,7.018E-008
1572.2900,8.172E-009
1572.3000,5.992E-009
1572.3100,1.355E-008
1572.3200,5.482E-008
1572.3300,-3.422E-008
1572.3400,4.669E-008
1572.3500,2.484E-009
1572.3600,-1.775E-008
1572.3700,9.105E-010
1572.3800,3.129E-008
1572.3900,1.715E-008
1572.4000,-3.098E-008
1572.4100,1.465E-008
1572.4200,2.428E-008
1572.4300,-2.743E-008
1572.4400,4.652E-008
1572.4500,1.488E-008
1572.4600,-5.803E-009
1572.4700,1.635E-008
1572.4800,4.641E-008
1572.4900,3.550E-008
1572.5000,2.146E-008
1572.5100,-1.280E-008
1572.5200,1.506E-008
1572.5300,-2.100E-008
1572.5400,4.212E-008
1572.5500,4.024E-008
1572.5600,-4.134E-009
1572.5700,1.394E-008
1572.5800,1.820E-009
1572.5900,-1.602E-008
1572.6000,-3.002E-008
1572.6100,4.675E-008
1572.6200,7.398E-009
1572.6300,6.559E-008
1572.6400,1.288E-008
1572.6500,2.509E-009
1572.6600,6.609E-008
1572.6700,9.113E-009
1572.6800,1.955E-008
1572.6900,-5.622E-009
1572.7000,-2.736E-009
1572.7100,1.587E-008
1572.7200,8.080E-008
1572.7300,3.186E-008
1572.7400,-2.872E-008
1572.7500,-1.607E-008
1572.7600,2.126E-009
1572.7700,-6.424E-009
1572.7800,-8.628E-009
1572.7900,1.638E-008
1572.8000,2.490E-008
1572.8100,2.605E-008
1572.8200,-3.169E-010
1572.8300,4.055E-008
1572.8400,5.511E-008
1572.8500,-6.177E-008
1572.8600,4.621E-008
1572.8700,3.301E-008
1572.8800,2.828E-008
1572.8900,-6.367E-008
1572.9000,-2.271E-010
1572.9100,4.535E-009
1572.9200,4.620E-008
1572.9300,4.687E-008
1572.9400,-3.227E-008
1572.9500,-4.716E-010
1572.9600,1.666E-008
1572.9700,2.207E-008
1572.9800,2.267E-008
1572.9900,5.066E-008
1573.0000,3.225E-008
1573.0100,6.278E-010
1573.0200,3.548E-008
1573.0300,2.420E-008
1573.0400,1.576E-008
1573.0500,-5.883E-010
1573.0600,-4.303E-008
1573.0700,-4.711E-008
1573.0800,4.985E-009
1573.0900,-1.459E-008
1573.1000,3.041E-009
1573.1100,-9.567E-010
1573.1200,2.666E-008
1573.1300,-8.901E-009
1573.1400,-1.639E-008
1573.1500,2.140E-008
1573.1600,-5.181E-008
1573.1700,-2.106E-008
1573.1800,2.985E-008
1573.1900,1.452E-008
1573.2000,-3.861E-009
1573.2100,1.012E-008
1573.2200,4.826E-008
1573.2300,-1.375E-010
1573.2400,2.352E-008
1573.2500,5.163E-008
1573.2600,3.557E-008
1573.2700,2.953E-008
1573.2800,4.879E-008
1573.2900,-1.540E-008
1573.3000,-4.611E-009
1573.3100,5.080E-009
1573.3200,4.032E-008
1573.3300,4.987E-008
1573.3400,7.226E-008
1573.3500,9.414E-009
1573.3600,1.015E-008
1573.3700,6.533E-008
1573.3800,-1.926E-008
1573.3900,3.463E-008
1573.4000,5.956E-008
1573.4100,-5.551E-009
1573.4200,4.177E-008
1573.4300,2.266E-008
1573.4400,5.723E-008
1573.4500,1.893E-008
1573.4600,2.582E-008
1573.4700,3.297E-010
1573.4800,2.902E-008
1573.4900,3.043E-008
1573.5000,5.306E-008
1573.5100,3.993E-008
1573.5200,1.108E-008
1573.5300,4.355E-008
1573.5400,3.264E-008
1573.5500,-2.246E-008
1573.5600,2.927E-008
1573.5700,2.616E-008
1573.5800,5.579E-009
1573.5900,2.891E-008
1573.6000,-1.767E-008
1573.6100,3.442E-008
1573.6200,5.329E-008
1573.6300,2.810E-008
1573.6400,3.071E-008
1573.6500,-3.961E-008
1573.6600,4.466E-008
1573.6700,-8.831E-009
1573.6800,8.680E-011
1573.6900,2.994E-008
1573.7000,2.492E-008
1573.7100,6.316E-008
1573.7200,-1.523E-009
1573.7300,2.155E-008
1573.7400,6.603E-008
1573.7500,-4.577E-009
1573.7600,1.651E-008
1573.7700,-8.637E-010
1573.7800,2.458E-008
1573.7900,1.041E-008
1573.8000,2.446E-008
1573.8100,3.362E-008
1573.8200,-1.461E-008
1573.8300,-5.387E-009
1573.8400,-6.496E-008
1573.8500,3.368E-009
1573.8600,3.478E-008
1573.8700,2.895E-008
1573.8800,-1.900E-008
1573.8900,2.594E-008
1573.9000,-1.939E-008
1573.9100,-1.824E-008
1573.9200,8.503E-009
1573.9300,3.200E-008
1573.9400,2.144E-008
1573.9500,-3.206E-008
1573.9600,3.311E-008
1573.9700,-5.127E-009
1573.9800,1.974E-008
1573.9900,3.296E-008
1574.0000,1.436E-008
1574.0100,-1.499E-008
1574.0200,2.744E-008
1574.0300,5.068E-009
1574.0400,4.956E-010
1574.0500,-1.398E-010
1574.0600,1.236E-008
1574.0700,-5.419E-009
1574.0800,-1.007E-008
1574.0900,-6.259E-008
1574.1000,1.345E-008
1574.1100,8.125E-009
1574.1200,-1.890E-008
1574.1300,2.795E-008
1574.1400,1.189E-008
1574.1500,2.930E-008
1574.1600,-6.546E-009
1574.1700,5.751E-008
1574.1800,1.292E-008
1574.1900,2.073E-008
1574.2000,-2.129E-008
1574.2100,4.497E-008
1574.2200,4.809E-008
1574.2300,-3.216E-008
1574.2400,2.088E-008
1574.2500,1.098E-008
1574.2600,1.124E-008
1574.2700,-4.449E-009
1574.2800,-1.403E-008
1574.2900,3.166E-008
1574.3000,-3.650E-008
1574.3100,-1.131E-008
1574.3200,-1.003E-008
1574.3300,3.200E-008
1574.3400,9.731E-009
1574.3500,2.283E-008
1574.3600,-4.667E-008
1574.3700,-1.406E-008
1574.3800,2.586E-008
1574.3900,6.873E-009
1574.4000,2.571E-008
1574.4100,-1.520E-008
1574.4200,-5.739E-009
1574.4300,3.280E-008
1574.4400,2.324E-009
1574.4500,-1.848E-008
1574.4600,1.734E-008
1574.4700,-9.209E-009
1574.4800,1.622E-008
1574.4900,-1.219E-008
1574.5000,-4.292E-008
1574.5100,-6.494E-011
1574.5200,3.654E-008
1574.5300,-5.533E-009
1574.5400,-4.514E-008
1574.5500,-5.748E-008
1574.5600,-3.362E-008
1574.5700,-4.281E-008
1574.5800,3.522E-008
1574.5900,-1.324E-008
1574.6000,-1.811E-008
1574.6100,3.846E-008
1574.6200,-4.560E-008
1574.6300,-2.521E-008
1574.6400,1.491E-008
1574.6500,3.968E-008
1574.6600,3.818E-008
1574.6700,1.744E-008
1574.6800,5.835E-008
1574.6900,2.387E-008
1574.7000,1.143E-008
1574.7100,-6.099E-009
1574.7200,3.378E-009
1574.7300,-1.647E-009
1574.7400,5.101E-008
1574.7500,1.125E-009
1574.7600,-1.287E-008
1574.7700,1.771E-008
1574.7800,3.506E-008
1574.7900,1.044E-008
1574.8000,-3.367E-008
1574.8100,1.219E-008
1574.8200,4.118E-009
1574.8300,-2.782E-008
1574.8400,-2.132E-008
1574.8500,6.713E-009
1574.8600,-2.548E-008
1574.8700,3.656E-008
1574.8800,-1.770E-010
1574.8900,4.527E-008
1574.9000,3.624E-008
1574.9100,-1.670E-009
1574.9200,2.060E-008
1574.9300,1.653E-008
1574.9400,8.423E-010
1574.9500,2.861E-008
1574.9600,8.748E-009
1574.9700,1.283E-008
1574.9800,-2.799E-008
1574.9900,-1.969E-008
1575.0000,4.198E-008
